[
{
    "idPaquet": 1,
    "nomPaquet": "Viatge a Itàlia",
    "descripcio": "Itàlia és un Estat europeu situat a la península Itàlica i que inclou les dues illes més grans de la mar Mediterrània, Sicília i Sardenya. Itàlia limita al nord amb França, Suïssa, Àustria i Eslovènia.",
    "imgLlista": "1_llista.jpg",
    "imgDetail": "1_principal.jpg",
    "transport": "Avio",
    "iniciRecorregut": "Roma",
    "longitud": 12.2269012048808,
    "latitud": 41.8144309,
    "grausGoogleMaps":8.0,
    "finalRecorregut": "Roma",
    "dies": 5,
    "itinerari" : [{"nom":"Roma","longitud":12.5113300,"latitud":41.8919300},
                   {"nom":"Viterbo","longitud":12.1056,"latitud":42.41937},
                   {"nom":"Tivoli","longitud":12.8016,"latitud":41.95952},
                   {"nom":"Anzio","longitud":12.62157,"latitud":41.45263},
                   {"nom":"Civitavecchia","longitud":11.79674,"latitud":42.09325}
                  ]

},
{
    "idPaquet": 2,
    "nomPaquet": "Vacacions en Cancun",
    "descripcio": "Cancún és una ciutat balneari en la costa nord-est de la península de Yucatán, a Mèxic. És coneguda per les seves platges, centres turístics i vida nocturna.",
    "imgLlista": "2_llista.jpg",
    "imgDetail": "2_principal.jpg",
    "transport": "Avio",
    "iniciRecorregut": "Cancún",
    "longitud": -86.851528,
    "latitud": 21.161908,
    "grausGoogleMaps": 8.0,
    "finalRecorregut": "Cancún",
    "dies": 7,
    "itinerari" : [
        {"nom":"Playa del Carmen","longitud":-87.075043,"latitud":20.627278},
        {"nom":"Isla Mujeres","longitud":-86.735162,"latitud":21.231563},
        {"nom":"Tulum","longitud":-87.465350,"latitud":20.211418},
        {"nom":"Cozumel","longitud":-86.954440,"latitud":20.423015},
        {"nom":"Chichen Itza","longitud":-88.571030,"latitud":20.684290}
    ]
}
]